arm,category,denominator,step,cumulative_count,fraction
LMSM-Checkpoint,all,1600,64,1600,1.0
LMSM-Anytime,all,1566,1,41,0.026181353767560665
LMSM-Anytime,all,1566,2,130,0.08301404853128991
LMSM-Anytime,all,1566,4,150,0.09578544061302682
LMSM-Anytime,all,1566,5,194,0.12388250319284802
LMSM-Anytime,all,1566,6,264,0.1685823754789272
LMSM-Anytime,all,1566,7,308,0.1966794380587484
LMSM-Anytime,all,1566,8,332,0.2120051085568327
LMSM-Anytime,all,1566,9,405,0.25862068965517243
LMSM-Anytime,all,1566,10,476,0.30395913154533843
LMSM-Anytime,all,1566,11,566,0.3614303959131545
LMSM-Anytime,all,1566,12,652,0.4163473818646232
LMSM-Anytime,all,1566,13,706,0.4508301404853129
LMSM-Anytime,all,1566,14,751,0.47956577266922096
LMSM-Anytime,all,1566,15,802,0.51213282247765
LMSM-Anytime,all,1566,16,844,0.5389527458492975
LMSM-Anytime,all,1566,17,880,0.561941251596424
LMSM-Anytime,all,1566,18,910,0.5810983397190294
LMSM-Anytime,all,1566,19,951,0.60727969348659
LMSM-Anytime,all,1566,20,977,0.623882503192848
LMSM-Anytime,all,1566,21,1003,0.640485312899106
LMSM-Anytime,all,1566,22,1024,0.6538952745849298
LMSM-Anytime,all,1566,23,1047,0.6685823754789272
LMSM-Anytime,all,1566,24,1072,0.6845466155810983
LMSM-Anytime,all,1566,25,1090,0.6960408684546615
LMSM-Anytime,all,1566,26,1108,0.7075351213282248
LMSM-Anytime,all,1566,27,1119,0.7145593869731801
LMSM-Anytime,all,1566,28,1130,0.7215836526181354
LMSM-Anytime,all,1566,29,1141,0.7286079182630907
LMSM-Anytime,all,1566,30,1155,0.7375478927203065
LMSM-Anytime,all,1566,31,1172,0.7484035759897829
LMSM-Anytime,all,1566,32,1184,0.756066411238825
LMSM-Anytime,all,1566,33,1201,0.7669220945083014
LMSM-Anytime,all,1566,34,1205,0.7694763729246488
LMSM-Anytime,all,1566,35,1213,0.7745849297573435
LMSM-Anytime,all,1566,36,1223,0.780970625798212
LMSM-Anytime,all,1566,37,1233,0.7873563218390804
LMSM-Anytime,all,1566,38,1248,0.7969348659003831
LMSM-Anytime,all,1566,39,1254,0.8007662835249042
LMSM-Anytime,all,1566,40,1263,0.8065134099616859
LMSM-Anytime,all,1566,41,1268,0.80970625798212
LMSM-Anytime,all,1566,42,1278,0.8160919540229885
LMSM-Anytime,all,1566,43,1283,0.8192848020434227
LMSM-Anytime,all,1566,44,1287,0.8218390804597702
LMSM-Anytime,all,1566,45,1291,0.8243933588761175
LMSM-Anytime,all,1566,46,1298,0.8288633461047255
LMSM-Anytime,all,1566,47,1305,0.8333333333333334
LMSM-Anytime,all,1566,48,1310,0.8365261813537676
LMSM-Anytime,all,1566,49,1316,0.8403575989782887
LMSM-Anytime,all,1566,50,1319,0.8422733077905492
LMSM-Anytime,all,1566,51,1324,0.8454661558109834
LMSM-Anytime,all,1566,52,1329,0.8486590038314177
LMSM-Anytime,all,1566,53,1331,0.8499361430395913
LMSM-Anytime,all,1566,54,1335,0.8524904214559387
LMSM-Anytime,all,1566,55,1340,0.855683269476373
LMSM-Anytime,all,1566,56,1344,0.8582375478927203
LMSM-Anytime,all,1566,57,1349,0.8614303959131545
LMSM-Anytime,all,1566,58,1351,0.8627075351213283
LMSM-Anytime,all,1566,59,1355,0.8652618135376756
LMSM-Anytime,all,1566,60,1357,0.8665389527458492
LMSM-Anytime,all,1566,61,1364,0.8710089399744572
LMSM-Anytime,all,1566,62,1366,0.8722860791826309
LMSM-Anytime,all,1566,63,1370,0.8748403575989783
LMSM-Anytime,all,1566,64,1374,0.8773946360153256
LMSM-Anytime,all,1566,65,1376,0.8786717752234994
LMSM-Anytime,all,1566,66,1380,0.8812260536398467
LMSM-Anytime,all,1566,67,1383,0.8831417624521073
LMSM-Anytime,all,1566,68,1387,0.8856960408684547
LMSM-Anytime,all,1566,69,1389,0.8869731800766284
LMSM-Anytime,all,1566,70,1392,0.8888888888888888
LMSM-Anytime,all,1566,71,1395,0.8908045977011494
LMSM-Anytime,all,1566,72,1399,0.8933588761174968
LMSM-Anytime,all,1566,73,1400,0.8939974457215837
LMSM-Anytime,all,1566,74,1401,0.8946360153256705
LMSM-Anytime,all,1566,76,1402,0.8952745849297573
LMSM-Anytime,all,1566,79,1404,0.896551724137931
LMSM-Anytime,all,1566,80,1406,0.8978288633461047
LMSM-Anytime,all,1566,81,1409,0.8997445721583652
LMSM-Anytime,all,1566,82,1411,0.901021711366539
LMSM-Anytime,all,1566,83,1414,0.9029374201787995
LMSM-Anytime,all,1566,84,1419,0.9061302681992337
LMSM-Anytime,all,1566,87,1420,0.9067688378033205
LMSM-Anytime,all,1566,88,1421,0.9074074074074074
LMSM-Anytime,all,1566,89,1422,0.9080459770114943
LMSM-Anytime,all,1566,91,1424,0.909323116219668
LMSM-Anytime,all,1566,92,1426,0.9106002554278416
LMSM-Anytime,all,1566,94,1427,0.9112388250319284
LMSM-Anytime,all,1566,95,1428,0.9118773946360154
LMSM-Anytime,all,1566,96,1429,0.9125159642401022
LMSM-Anytime,all,1566,97,1430,0.913154533844189
LMSM-Anytime,all,1566,98,1433,0.9150702426564495
LMSM-Anytime,all,1566,100,1435,0.9163473818646233
LMSM-Anytime,all,1566,102,1436,0.9169859514687101
LMSM-Anytime,all,1566,104,1438,0.9182630906768838
LMSM-Anytime,all,1566,105,1440,0.9195402298850575
LMSM-Anytime,all,1566,106,1442,0.9208173690932312
LMSM-Anytime,all,1566,107,1444,0.9220945083014048
LMSM-Anytime,all,1566,109,1446,0.9233716475095786
LMSM-Anytime,all,1566,110,1448,0.9246487867177522
LMSM-Anytime,all,1566,111,1449,0.9252873563218391
LMSM-Anytime,all,1566,112,1452,0.9272030651340997
LMSM-Anytime,all,1566,115,1454,0.9284802043422733
LMSM-Anytime,all,1566,116,1456,0.929757343550447
LMSM-Anytime,all,1566,118,1458,0.9310344827586207
LMSM-Anytime,all,1566,119,1460,0.9323116219667944
LMSM-Anytime,all,1566,122,1461,0.9329501915708812
LMSM-Anytime,all,1566,124,1462,0.933588761174968
LMSM-Anytime,all,1566,125,1464,0.9348659003831418
LMSM-Anytime,all,1566,127,1465,0.9355044699872286
LMSM-Anytime,all,1566,129,1467,0.9367816091954023
LMSM-Anytime,all,1566,130,1470,0.9386973180076629
LMSM-Anytime,all,1566,133,1471,0.9393358876117497
LMSM-Anytime,all,1566,134,1474,0.9412515964240102
LMSM-Anytime,all,1566,139,1475,0.941890166028097
LMSM-Anytime,all,1566,140,1476,0.9425287356321839
LMSM-Anytime,all,1566,147,1477,0.9431673052362708
LMSM-Anytime,all,1566,155,1478,0.9438058748403576
LMSM-Anytime,all,1566,158,1479,0.9444444444444444
LMSM-Anytime,all,1566,160,1480,0.9450830140485313
LMSM-Anytime,all,1566,162,1482,0.946360153256705
LMSM-Anytime,all,1566,163,1483,0.9469987228607918
LMSM-Anytime,all,1566,166,1484,0.9476372924648787
LMSM-Anytime,all,1566,167,1486,0.9489144316730523
LMSM-Anytime,all,1566,169,1487,0.9495530012771393
LMSM-Anytime,all,1566,170,1488,0.9501915708812261
LMSM-Anytime,all,1566,171,1489,0.9508301404853129
LMSM-Anytime,all,1566,173,1490,0.9514687100893997
LMSM-Anytime,all,1566,174,1491,0.9521072796934866
LMSM-Anytime,all,1566,176,1492,0.9527458492975734
LMSM-Anytime,all,1566,177,1493,0.9533844189016603
LMSM-Anytime,all,1566,181,1494,0.9540229885057471
LMSM-Anytime,all,1566,184,1496,0.9553001277139208
LMSM-Anytime,all,1566,185,1497,0.9559386973180076
LMSM-Anytime,all,1566,187,1500,0.9578544061302682
LMSM-Anytime,all,1566,188,1501,0.958492975734355
LMSM-Anytime,all,1566,192,1502,0.9591315453384419
LMSM-Anytime,all,1566,196,1504,0.9604086845466155
LMSM-Anytime,all,1566,198,1505,0.9610472541507025
LMSM-Anytime,all,1566,199,1506,0.9616858237547893
LMSM-Anytime,all,1566,200,1507,0.9623243933588761
LMSM-Anytime,all,1566,202,1508,0.9629629629629629
LMSM-Anytime,all,1566,205,1509,0.9636015325670498
LMSM-Anytime,all,1566,206,1510,0.9642401021711366
LMSM-Anytime,all,1566,211,1511,0.9648786717752235
LMSM-Anytime,all,1566,212,1512,0.9655172413793104
LMSM-Anytime,all,1566,213,1513,0.9661558109833972
LMSM-Anytime,all,1566,214,1514,0.966794380587484
LMSM-Anytime,all,1566,215,1515,0.9674329501915708
LMSM-Anytime,all,1566,219,1516,0.9680715197956578
LMSM-Anytime,all,1566,223,1517,0.9687100893997446
LMSM-Anytime,all,1566,225,1520,0.9706257982120051
LMSM-Anytime,all,1566,227,1521,0.9712643678160919
LMSM-Anytime,all,1566,231,1522,0.9719029374201787
LMSM-Anytime,all,1566,233,1523,0.9725415070242657
LMSM-Anytime,all,1566,234,1524,0.9731800766283525
LMSM-Anytime,all,1566,236,1525,0.9738186462324393
LMSM-Anytime,all,1566,237,1526,0.9744572158365262
LMSM-Anytime,all,1566,238,1528,0.9757343550446999
LMSM-Anytime,all,1566,240,1529,0.9763729246487867
LMSM-Anytime,all,1566,241,1530,0.9770114942528736
LMSM-Anytime,all,1566,251,1531,0.9776500638569604
LMSM-Anytime,all,1566,253,1532,0.9782886334610472
LMSM-Anytime,all,1566,255,1533,0.9789272030651341
LMSM-Anytime,all,1566,256,1534,0.979565772669221
LMSM-Anytime,all,1566,262,1535,0.9802043422733078
LMSM-Anytime,all,1566,272,1536,0.9808429118773946
LMSM-Anytime,all,1566,274,1537,0.9814814814814815
LMSM-Anytime,all,1566,282,1541,0.9840357598978289
LMSM-Anytime,all,1566,285,1542,0.9846743295019157
LMSM-Anytime,all,1566,292,1544,0.9859514687100894
LMSM-Anytime,all,1566,296,1545,0.9865900383141762
LMSM-Anytime,all,1566,299,1546,0.9872286079182631
LMSM-Anytime,all,1566,305,1547,0.98786717752235
LMSM-Anytime,all,1566,306,1548,0.9885057471264368
LMSM-Anytime,all,1566,330,1549,0.9891443167305236
LMSM-Anytime,all,1566,337,1550,0.9897828863346104
LMSM-Anytime,all,1566,345,1551,0.9904214559386973
LMSM-Anytime,all,1566,363,1552,0.9910600255427842
LMSM-Anytime,all,1566,379,1553,0.991698595146871
LMSM-Anytime,all,1566,394,1554,0.9923371647509579
LMSM-Anytime,all,1566,396,1555,0.9929757343550447
LMSM-Anytime,all,1566,407,1556,0.9936143039591315
LMSM-Anytime,all,1566,412,1557,0.9942528735632183
LMSM-Anytime,all,1566,416,1558,0.9948914431673053
LMSM-Anytime,all,1566,419,1560,0.9961685823754789
LMSM-Anytime,all,1566,421,1561,0.9968071519795658
LMSM-Anytime,all,1566,422,1562,0.9974457215836526
LMSM-Anytime,all,1566,463,1563,0.9980842911877394
LMSM-Anytime,all,1566,494,1564,0.9987228607918263
LMSM-Anytime,all,1566,496,1565,0.9993614303959132
LMSM-Anytime,all,1566,506,1566,1.0
